<?xml version="1.0" encoding="UTF-8"?>
<EmployeeDetails>

<Employees>
<Column Name>Employee_Code</Column Name>
<Column Type>NUMBER</Column Type>
<Constraints>PRIMARY KEY</Constraints>
</Employees>



<Employees>
<Column Name>Employee_Name</Column Name>
<Column Type>Varchar(2)15</Column Type>
<Constraints></Constraints>
</Employees>

<Employees>
<Column Name>Date_of_Joining</Column Name>
<Column Type>Date</Column Type>
<Constraints></Constraints>
</Employees>


<Employees>
<Column Name>Salary</Column Name>
<Column Type>NUMBER</Column Type>
<Constraints></Constraints>
</Employees>

<Employees>
<Column Name>Grade</Column Name>
<Column Type>CHAR(2)</Column Type>
<Constraints></Constraints>
</Employees>

<Employees>
<Column Name>Department_Code</Column Name>
<Column Type>NUMBER</Column Type>
<Constraints>Foreign Key</Constraints>
</Employees>

</EmployeeDetails>
